finish_code,substrate_code,finish_applied_code,seq_id,finish_code_description,sft_steps,source_doc,program,associated_specs
0000,0,0,00,UNFINISHABLE MATERIAL - NO FINISH REQUIRED,[SFT0001],LMA-PJ100,LMA,
AA01,A,A,01,HARD ANODIZE FUN CTIONAL WEAR SURFACES,"[SFT0103, SFT0212, SFT0901]",LMA-PJ100,LMA,
AA02,A,A,02,"CHEM FILM CLASS 1A AND BLACK HARD ANODIZE SFT010 3 CLEAN IAW LMA-PG301, LMA-PJ100 OR MIL-DTL-5002","[SFT0202, SFT0214, SFT0901]",LMA-PJ100,LMA,
AC01,A,C,01,CHEM FILM CLASS 3 ALL SURFACES OF SMALL DETAILS - ELECTRICAL BONDING,"[SFT0103, SFT0205, SFT0901]",LMA-PJ100,LMA,
AC02,A,C,02,CHEM FILM CLASS 1A ALL SURFACES,"[SFT0103, SFT0201, SFT0901]",LMA-PJ100,LMA,
AC03,A,C,03,CHEM FILM CLASS 1A SPECIFIED SURFACES,"[SFT0103, SFT0202, SFT0901]",LMA-PJ100,LMA,
AE01,A,E,01,"FLAT BLACK TOPCOAT, ELECTRICAL BONDING, PRIMER, ANODIZED","[SFT0103, SFT0206, SFT0401, SFT0505, SFT0702, SFT0901]",LMA-PJ100,LMA,
AE02,A,E,02,"FLAT BLACK TOPCOAT ALL SURFACES, PRIMER, ANODIZED","[SFT0103, SFT0209, SFT0401, SFT0505]",LMA-PJ100,LMA,
AE03,A,E,03,"GLOSS WHITE AND BLACK FLAT TOPCOAT, SPECIFIED SURFACES, PRIMER, ANODIZED","[SFT0103, SFT0209, SFT0401, SFT0503, SFT0506, SFT0901]",LMA-PJ100,LMA,
AE04,A,E,04,"FLAT BLACK AND GUNSHIP GRAY TOPCOAT, SPECIFIED SURFACES, PRIMER, ANODIZED","[SFT0103, SFT0209, SFT0401, SFT0506, SFT0508, SFT0901]",LMA-PJ100,LMA,
AE05,A,E,05,"FLAT BLACK TOPCOAT, SPECIFIED SURFACES, PRIMER, ANODIZED","[SFT0103, SFT0209, SFT0401, SFT0506, SFT0901]",LMA-PJ100,LMA,
AE06,A,E,06,"DELETED, USE AE03.",[],LMA-PJ100,LMA,
AF01,A,F,01,"FUEL TANK COATING ALL SURFACES, ANODIZED","[SFT0103, SFT0209, SFT0405, SFT0901]",LMA-PJ100,LMA,
AF02,A,F,02,"FUEL TANK COATING, PRIMER, SPECIFIED SURFACES, ANODIZED","[SFT0103, SFT0209, SFT0402, SFT0406, SFT0901]",LMA-PJ100,LMA,
AF03,A,F,03,"FUEL TANK COATING, WHITE TOPCOAT, PRIMER, SPECIFIED SURFACES, ANODIZED","[SFT0103, SFT0209, SFT0402, SFT0406, SFT0503, SFT0901]",LMA-PJ100,LMA,
AF04,A,F,04,"FUEL TANK COATING SPECIFIED SURFACES, CHEM FILM CLASS 1A","[SFT0103, SFT0201, SFT0406, SFT0901]",LMA-PJ100,LMA,
AF05,A,F,05,"FUEL TANK COATING FOR SOLID SHIM, CHEM FILM CLASS 1A","[SFT0103, SFT0202, SFT0406, SFT0901]",LMA-PJ100,LMA,
AG01,A,G,01,"GUNSHIP GRAY, SPECIFIED SURFACES, PRIMER, ANODIZED","[SFT0103, SFT0209, SFT0401, SFT0508, SFT0901]",LMA-PJ100,LMA,
AG02,A,G,02,"GUNSHIP GRAY TOPCOAT ALL SURFACES, PRIMER, ANODIZED","[SFT0103, SFT0209, SFT0401, SFT0507, SFT0901]",LMA-PJ100,LMA,
AG03,A,G,03,"GUNSHIP GRAY TOPCOAT ALL SURFACES WITH ELECTRICAL BONDING, PRIMER, ANODIZED","[SFT0103, SFT0206, SFT0209, SFT0401, SFT0507, SFT0702, SFT0901]",LMA-PJ100,LMA,
AL01,A,L,01,"SOLID FILM LUBE ALL SURFACES, ANODIZED","[SFT0103, SFT0209, SFT0601, SFT0902]",LMA-PJ100,LMA,
AP01,A,P,01,"PRIME ALL SURFACES, WITH ELECTRICAL BONDING","[SFT0103, SFT0206, SFT0209, SFT0401, SFT0701, SFT0901]",LMA-PJ100,LMA,
AP02,A,P,02,"WHITE TOPCOAT SPECIFIED SURFACES, CHEM FILM CLASS 1A, PRIME","[SFT0103, SFT0202, SFT0401, SFT0503, SFT0901]",LMA-PJ100,LMA,
AP03,A,P,03,"PRIME SPECIFIED SURFACES, ANODIZED","[SFT0103, SFT0209, SFT0402, SFT0901]",LMA-PJ100,LMA,
AP04,A,P,04,PRIME FOR PEEL SHIM APPLICATIONS,"[SFT0103, SFT0401, SFT0901]",LMA-PJ100,LMA,
AP05,A,P,05,SOLID FILM LUBE AND PRIME SPECIFIED SURFACES,"[SFT0103, SFT0209, SFT0402, SFT0602, SFT0903]",LMA-PJ100,LMA,
AP06,A,P,06,"PRIME ALL SURFACES, ANODIZED","[SFT0103, SFT0209, SFT0401, SFT0901]",LMA-PJ100,LMA,
AP07,A,P,07,"PRIME FOR SOLID SHIMS, CHEM FILM CLASS 1A","[SFT0103, SFT0202, SFT0402, SFT0901]",LMA-PJ100,LMA,
AP09,A,P,09,"DELETED, USE AP03.",[],LMA-PJ100,LMA,
AR01,A,R,01,"GLOSS ORANGE TOPCOAT ALL SURFACES, PRIMER, ANODIZED","[SFT0103, SFT0209, SFT0401, SFT0515, SFT0901]",LMA-PJ100,LMA,
AR02,A,R,02,"GLOSS ORANGE TOPCOAT SPECIFIED SURFACES, PRIMER, ANODIZED","[SFT0103, SFT0209, SFT0401, SFT0516, SFT0901]",LMA-PJ100,LMA,
AR03,A,R,03,"DARK GREEN TOPCOAT ALL SURFACES, PRIMER, ANODIZED","[SFT0103, SFT0209, SFT0401, SFT0517, SFT0901]",LMA-PJ100,LMA,
AR04,A,R,04,"DARK GREEN TOPCOAT SPECIFIED SURFACES, PRIMER, ANODIZED","[SFT0103, SFT0209, SFT0401, SFT0518, SFT0901]",LMA-PJ100,LMA,
AW01,A,W,01,"WHITE TOPCOAT ALL SURFACES , PRIMER, ANODIZED","[SFT0103, SFT0209, SFT0401, SFT0901]",LMA-PJ100,LMA,
AW02,A,W,02,"WHITE TOPCOAT SPECIFIED SURFACES, PRIMER, ANODIZED","[SFT0103, SFT0209, SFT0401, SFT0503, SFT0901]",LMA-PJ100,LMA,
AW03,A,W,03,"DELETED, USE AW02.",[],LMA-PJ100,LMA,
AW04,A,W,04,"WHITE TOPCOAT ALL SURFACES, PRIMER, CHEM FILM CLASS 1A","[SFT0103, SFT0201, SFT0401, SFT0501, SFT0901]",LMA-PJ100,LMA,
AW05,A,W,05,"FUEL TANK COATING, WHITE TOPCOAT, PRIMER, ANODIZED","[SFT0001, SFT0103, SFT0209, SFT0402, SFT0406, SFT0503, SFT0901]",LMA-PJ100,LMA,
BA01,B,A,01,HARD ANODIZE ALL SURFACES,"[SFT0103, SFT0213, SFT0901]",LMA-PJ100,LMA,
BA02,B,A,02,"BLACK HARD ANODIZE, CHEM FILM CLASS 1A SPECIFIED SURFACES","[SFT0103, SFT0202, SFT0214, SFT0901]",LMA-PJ100,LMA,
BA03,B,A,03,ANODIZE ALL SURFACES,"[SFT0103, SFT0209, SFT0901]",LMA-PJ100,LMA,
BC01,B,C,01,CHEM FILM CLASS 1A SPECIFIED SURFACES - NO ELECTRICAL BONDING,"[SFT0103, SFT0202, SFT0901]",LMA-PJ100,LMA,
BC02,B,C,02,CHEM FILM CLASS 3 ALL SURFACES - SMALL ELECTRICAL BONDING SHIM,"[SFT0103, SFT0205, SFT0901]",LMA-PJ100,LMA,
BE01,B,E,01,"FLAT BLACK TOPCOAT ALL SURFACES, PRIMER, ANODIZED","[SFT0103, SFT0209, SFT0403, SFT0505, SFT0901]",LMA-PJ100,LMA,
BE02,B,E,02,"FLAT BLACK TOPCOAT SPECIFIED SURFACES, PRIMER, ANODIZE D","[SFT0103, SFT0209, SFT0403, SFT0506, SFT0901]",LMA-PJ100,LMA,
BE03,B,E,03,"GLOSS WHITE AND FLAT BLACK TOPCOAT SPECIFIED SURFACES, PRIMER, ANODIZED","[SFT0103, SFT0209, SFT0403, SFT0503, SFT0506, SFT0901]",LMA-PJ100,LMA,
BF01,B,F,01,"FUEL TANK COATING ALL SURFACES, ANODIZED","[SFT0103, SFT0209, SFT0405, SFT0901]",LMA-PJ100,LMA,
BF02,B,F,02,"FUEL TANK COATING SPECIFIED SURFACES, ANODIZED","[SFT0103, SFT0209, SFT0406, SFT0901]",LMA-PJ100,LMA,
BF03,B,F,03,"FUEL TANK COATING, WHITE TOPCOAT, PRIMER, SPECIFIED SURFACES, ANODIZED","[SFT0103, SFT0209, SFT0404, SFT0406, SFT0503, SFT0901]",LMA-PJ100,LMA,
BF04,B,F,04,"CONVERSION COAT, FUEL TANK COAT MACH. SURF. (PREV FINISHED)","[SFT0103, SFT0406, SFT0901]",LMA-PJ100,LMA,
BF05,B,F,05,"FUEL TANK COATING, PRIMER, SPECIFIED SURFACES, ANODIZED","[SFT0103, SFT0209, SFT0404, SFT0406, SFT0901]",LMA-PJ100,LMA,
BG01,B,G,01,"FLAT HAZE GRAY TOPCOAT ALL SURFACES, PRIMER, ANODIZED","[SFT0103, SFT0209, SFT0403, SFT0509, SFT0901]",LMA-PJ100,LMA,
BG02,B,G,02,"FLAT MEDIUM GRAY TOPCOAT ALL S URFACES, PRIMER, ANODIZED","[SFT0103, SFT0209, SFT0403, SFT0513, SFT0901]",LMA-PJ100,LMA,
BG03,B,G,03,"FLAT MEDIUM GRAY TOPCOAT SPECIFIED SURFACES, PRIMER, ANODIZED","[SFT0103, SFT0209, SFT0514, SFT0901]",LMA-PJ100,LMA,
BG04,B,G,04,"FLAT HAZE GRAY TOPCOAT SPECIFIED SURFACES, PRIMER, ANODIZED","[SFT0103, SFT0209, SFT0403, SFT0510, SFT0901]",LMA-PJ100,LMA,
BG05,B,G,05,"FLAT HAZE GRAY AND GLOSS WHITE TOPCOAT, SPEC IFIED SURFACES, PRIMER, ANODIZED","[SFT0103, SFT0209, SFT0403, SFT0503, SFT0510, SFT0901]",LMA-PJ100,LMA,
BG06,B,G,06,"FLAT GRAY INTERNATIONAL TOPCOAT, ALL SURFACES, PRIMER, ANODIZED","[SFT0103, SFT0209, SFT0403, SFT0528, SFT0901]",LMA-PJ100,LMA,
BG07,B,G,07,"FLAT GRAY INTERNATIONAL TOPCOAT, SPECIFIED SURFACES, PRIMER, ANODIZED","[SFT0103, SFT0209, SFT0403, SFT0512, SFT0901]",LMA-PJ100,LMA,
BG08,B,G,08,"FLAT GRAY INTERNATIONAL AND GLOSS WHITE TOPCOAT, SPECIFIED SURFACES, PRIMER, ANODIZED","[SFT0103, SFT0403, SFT0503, SFT0512, SFT0901]",LMA-PJ100,LMA,
BG09,B,G,09,"FLAT LIGHT GRAY TOPCOAT, AL L SURFACES, PRIMER, ANODIZED","[SFT0103, SFT0209, SFT0403, SFT0529, SFT0901]",LMA-PJ100,LMA,
BG10,B,G,10,"FLAT LIGHT GRAY TOPCOAT, SPECIFIED SURFACES, PRIMER, ANODIZED","[SFT0103, SFT0209, SFT0403, SFT0530, SFT0901]",LMA-PJ100,LMA,
BG11,B,G,11,"FLAT LIGHT GRAY AND GLOSS WHITE TOPCOAT, SPECIFIED SURFACES, PRIMER, ANODIZED","[SFT0103, SFT0209, SFT0403, SFT0503, SFT0530, SFT0901]",LMA-PJ100,LMA,
BL01,B,L,01,SOLID FI LM LUBRICANT ALL SURFACES,"[SFT0103, SFT0209, SFT0601, SFT0902]",LMA-PJ100,LMA,
BL02,B,L,02,SOLID FILM LUBRICANT SPECIFIED SURFACES,"[SFT0103, SFT0209, SFT0602, SFT0902]",LMA-PJ100,LMA,
BL03,B,L,03,"SOLID FILM LUBRICANT, HARD ANODIZE","[SFT0103, SFT0212, SFT0602, SFT0902]",LMA-PJ100,LMA,
BL04,B,L,04,"SOLID FILM LUBRICANT, HARD ANODIZE, CHEM FILM CLASS 1A","[SFT0001, SFT0103, SFT0202, SFT0212, SFT0602, SFT0902]",LMA-PJ100,LMA,
BP01,B,P,01,"PRIME ALL SURFACES, ANODIZED","[SFT0103, SFT0209, SFT0403, SFT0901]",LMA-PJ100,LMA,
BP02,B,P,02,"PRIME SPECIFIED SURFACES, ANODIZED","[SFT0103, SFT0209, SFT0404, SFT0901]",LMA-PJ100,LMA,
BP03,B,P,03,PRIME SOLID SHIM,"[SFT0103, SFT0401, SFT0901]",LMA-PJ100,LMA,
BP04,B,P,04,"PRIME ALL SURFACES, CHE M FILM CLASS 1A","[SFT0103, SFT0201, SFT0403, SFT0901]",LMA-PJ100,LMA,
BP05,B,P,05,"PRIME SPECIFIED SURFACES, CHEM FILM CLASS 1A","[SFT0103, SFT0201, SFT0404, SFT0901]",LMA-PJ100,LMA,
BP06,B,P,06,"PRIME SPECIFIED SURFACES, HARD ANODIZE ALL SURFACES (SEALED)","[SFT0103, SFT0211, SFT0404, SFT0901]",LMA-PJ100,LMA,
BP07,B,P,07,"SOLID FILM LUBE SPECIFIED SURFACES, PRIMER, ANODIZED","[SFT0103, SFT0210, SFT0404, SFT0602, SFT0903]",LMA-PJ100,LMA,
BR01,B,R,01,"ORANGE TOPCOAT ALL SURFACES, PRIMER, ANODIZED","[SFT0103, SFT0209, SFT0403, SFT0515, SFT0901]",LMA-PJ100,LMA,
BR02,B,R,02,"ORANGE TOPCOAT SPECIFIED SURFACES, PRIMER, ANODIZED","[SFT0103, SFT0210, SFT0404, SFT0516, SFT0901]",LMA-PJ100,LMA,
BR03,B,R,03,"RED TOPCOAT SPECIFIED SURFACES, PRIMER, ANODIZED","[SFT0103, SFT0210, SFT0404, SFT0519, SFT0901]",LMA-PJ100,LMA,
BR04,B,R,04,"RED TOPCOAT ALL SURFACES, PRIMER, ANODIZED","[SFT0103, SFT0209, SFT0520, SFT0901]",LMA-PJ100,LMA,
BR05,B,R,05,"YELLOW TOPCOAT ALL SU RFACES, PRIMER, ANODIZED","[SFT0103, SFT0209, SFT0403, SFT0521, SFT0901]",LMA-PJ100,LMA,
BW01,B,W,01,"WHITE TOPCOAT, PRIMER, ANODIZED, ALL SURFACES","[SFT0103, SFT0209, SFT0403, SFT0501, SFT0901]",LMA-PJ100,LMA,
BW02,B,W,02,"WHITE TOPCOAT, PRIMER, SPECIFIED SURFACES, ANODIZED","[SFT0103, SFT0209, SFT0404, SFT0503, SFT0901]",LMA-PJ100,LMA,
BW03,B,W,03,"WHITE TOPCOAT, SOLID FILM LUBRICANT, HARD ANODIZE","[SFT0103, SFT0212, SFT0503, SFT0602, SFT0903]",LMA-PJ100,LMA,
BW04,B,W,04,"WHITE TOPCOAT SPECIFIED SURFACES, PRIMER, ANODIZED","[SFT0103, SFT0210, SFT0404, SFT0503, SFT0901]",LMA-PJ100,LMA,
BW05,B,W,05,"WHITE TOPCOAT ALL SURFACES, PRIMER, CHEM FILM CLASS 1A","[SFT0103, SFT0201, SFT0403, SFT0501, SFT0901]",LMA-PJ100,LMA,
BW06,B,W,06,"WHITE TOPCOAT, SOLID FILM LUBE SPECIFIED SURFACES, PRIMER, ANODIZED","[SFT0103, SFT0210, SFT0404, SFT0503, SFT0602, SFT0903]",LMA-PJ100,LMA,
BW07,B,W,07,"WHITE TOPCOAT, ELECTRICAL BONDING, PRIMER, ANODIZED","[SFT0103, SFT0206, SFT0210, SFT0403, SFT0501, SFT0702, SFT0901]",LMA-PJ100,LMA,
BW08,B,W,08,"WHITE TOPCOAT, FUEL TANK COATING, PRIMER, ANODIZED","[SFT0103, SFT0209, SFT0404, SFT0406, SFT0503, SFT0901]",LMA-PJ100,LMA,
BW09,B,W,09,"WHITE TOPCOAT SPECIFIED SURF AC ES, PRIMER, HARD ANODIZED, ANODIZED","[SFT0103, SFT0210, SFT0212, SFT0404, SFT0503, SFT0901]",LMA-PJ100,LMA,
BW10,B,W,10,"WHITE TOPCOAT SPECIFIED SURFACES, SOL ID FILM LUBRICANT, PRIMER, HARD ANODIZED, ANODIZED","[SFT0103, SFT0210, SFT0212, SFT0404, SFT0503, SFT0602, SFT0903]",LMA-PJ100,LMA,
BW11,B,W,11,"GLOSS WHITE AND FLAT GRAY INTERNATIONAL TOPCOAT, SPECIFIED SURFACES, PRIMER, ANODIZED","[SFT0103, SFT0209, SFT0403, SFT0503, SFT0512, SFT0901]",LMA-PJ100,LMA,
BW12,B,W,12,"GLOSS WHITE, FLAT BLACK, AND FLAT GRAY INTERNATIONAL TOPCOAT, SPECIFIED SURFACES, PRIMER, ANODIZED","[SFT0001, SFT0103, SFT0209, SFT0403, SFT0503, SFT0506, SFT0512, SFT0901]",LMA-PJ100,LMA,
CE01,C,E,01,"FLAT BLACK TOPCOAT, PRIMER, SPECIFIED SURFACES","[SFT0108, SFT0402, SFT0506, SFT0901]",LMA-PJ100,LMA,
CE02,C,E,02,"FLAT BLACK TOPCOAT SPECIFIED SURFACES, PRIMER, ALL SURFACES","[SFT0108, SFT0401, SFT0506, SFT0901]",LMA-PJ100,LMA,
CE03,C,E,03,"FLAT BLACK ABRASION RESISTANT COATING, SPECIFIED SURFAC ES, PRIMER","[SFT0108, SFT0402, SFT0525, SFT0901]",LMA-PJ100,LMA,
CF01,C,F,01,"FUEL TANK COATING, SPECIFIED SURFACES, PRIMER","[SFT0108, SFT0402, SFT0406, SFT0901]",LMA-PJ100,LMA,
CF02,C,F,02,"FUEL TANK COATING, WHITE TOPCOAT, SPECIFIED SURFACES, PRIMER","[SFT0108, SFT0402, SFT0406, SFT0503, SFT0901]",LMA-PJ100,LMA,
CF03,C,F,03,"FUEL TANK COATING REQUIRED, ALL SURFACES","[SFT0108, SFT0405, SFT0901]",LMA-PJ100,LMA,
CF04,C,F,04,"FUEL TANK COATING NOT REQUIRED, SPECIFIED SURFACES","[SFT0108, SFT0407, SFT0901]",LMA-PJ100,LMA,
CF05,C,F,05,"FUEL TANK COATING NOT REQUIRED, SPECIFIED SURFACES, PRIMER","[SFT0108, SFT0402, SFT0407, SFT0901]",LMA-PJ100,LMA,
CF06,C,F,06,"FUEL TANK COATING NOT REQUIRED, SPECIFIED SURFACES, WHITE ABRASION RESISTANT COATING, WHITE TOPCOAT, PRIMER","[SFT0108, SFT0402, SFT0407, SFT0503, SFT0522, SFT0901]",LMA-PJ100,LMA,
CF07,C,F,07,"FUEL TANK COATING NOT REQUIRED, SPECIFIED SURFACES, WHITE TOPCOAT, PRIMER","[SFT0108, SFT0402, SFT0407, SFT0503, SFT0901]",LMA-PJ100,LMA,
CF08,C,F,08,"FUEL TANK COATING NOT REQUIRED, SPECIFIED SURFACES, WHITE ABRASION RESISTANT COATING, PRIMER","[SFT0108, SFT0402, SFT0407, SFT0522, SFT0901]",LMA-PJ100,LMA,
CG01,C,G,01,"FLAT GRAY INTERNATIONAL TOPCOAT, SPECIFIED SURFACES, PRIMER","[SFT0108, SFT0512, SFT0901]",LMA-PJ100,LMA,
CG02,C,G,02,"FLAT GRAY INTERNATIONAL AND WHITE TOPCOAT, SPECIFIED SURFACES, PRIMER","[SFT0108, SFT0402, SFT0503, SFT0512, SFT0901]",LMA-PJ100,LMA,
CG03,C,G,03,"FLAT GRAY INTERNATIONAL AND WHITE TOPCOAT, FUEL TANK COATING, SPECIFIED SURFACES, PRIMER","[SFT0108, SFT0402, SFT0406, SFT0503, SFT0512, SFT0901]",LMA-PJ100,LMA,
CG04,C,G,04,"FLAT GRAY INTERNATIONAL TOPCOAT, FUEL TANK COATING, SPECIFIED SURFACES, PRIMER","[SFT0108, SFT0402, SFT0406, SFT0512, SFT0901]",LMA-PJ100,LMA,
CP01,C,P,01,"PRIMER, ALL SURFACES","[SFT0108, SFT0401, SFT0901]",LMA-PJ100,LMA,
CP02,C,P,02,"PRIMER, SPECIFIED SURFACES","[SFT0108, SFT0402, SFT0901]",LMA-PJ100,LMA,
CR01,C,R,01,"RED ABRASION RESISTANT COATING, WHITE TOPCOAT, SPECIFIED SURFACES, PRIMER","[SFT0108, SFT0402, SFT0503, SFT0526, SFT0901]",LMA-PJ100,LMA,
CR02,C,R,02,"ORANGE TOPCOAT SPECIFIED SURFACES, PRIMER","[SFT0108, SFT0402, SFT0516, SFT0901]",LMA-PJ100,LMA,
CW01,C,W,01,"WHITE TOPCOAT, ALL SURFACES, PRIMER","[SFT0108, SFT0401, SFT0501, SFT0901]",LMA-PJ100,LMA,
CW02,C,W,02,"WHITE TOPCOAT, FUEL TANK COATING, SPECIFIED SURFACES, PRIMER","[SFT0108, SFT0402, SFT0406, SFT0503, SFT0901]",LMA-PJ100,LMA,
CW03,C,W,03,"WHITE TOPCOAT, SPECIFIED SURFACES, PRIMER","[SFT0108, SFT0402, SFT0503, SFT0901]",LMA-PJ100,LMA,
CW04,C,W,04,"WHITE TOPCOAT, WHITE ABRASION RESISTANT COATING, SPECIFIED SURFACES, PR IMER","[SFT0108, SFT0402, SFT0503, SFT0522, SFT0901]",LMA-PJ100,LMA,
CW05,C,W,05,"MEDIUM GRAY TOPCOAT, WHITE TEFLON PAIN T, SPECIFIED SURFACES, PRIMER","[SFT0108, SFT0402, SFT0503, SFT0527, SFT0901]",LMA-PJ100,LMA,
CW06,C,W,06,"WHITE ABRASION RESISTANT COATING, SPECIFIED SURFACES, PRIMER","[SFT0108, SFT0402, SFT0522, SFT0901]",LMA-PJ100,LMA,
CW07,C,W,07,"1 OR 2 COATS WHITE TOPCOAT, SPECIFIED SURFACES, PRIMER","[SFT0108, SFT0402, SFT0503, SFT0504, SFT0901]",LMA-PJ100,LMA,
CW08,C,W,08,"MEDIUM GRAY TEFLON TOPCOAT, SPECIFIED SURFACES, PRIMER","[SFT0108, SFT0402, SFT0527]",LMA-PJ100,LMA,
CW09,C,W,09,"WHITE ABRASION RESISTANT COATING, SPECIFIED SURFACES, PRIMER","[SFT0108, SFT0402, SFT0522, SFT0901]",LMA-PJ100,LMA,
CW10,C,W,10,"FLAT MEDIUM GRAY TOPCOAT, WHITE TEFLON TOPCOAT, WHITE ABRASION RESISTANT COATING, SPECIFIED SURFACES, PRIMER","[SFT0108, SFT0402, SFT0503, SFT0522, SFT0527]",LMA-PJ100,LMA,
CW11,C,W,11,"WHITE TOPCOAT, WHITE ABRASION RESISTANT COATING, SPECIFIED SURFACES, PRIMER","[SFT0001, SFT0108, SFT0402, SFT0503, SFT0522, SFT0901, SFT0904, SFT0905]",LMA-PJ100,LMA,
DE01,D,E,01,"FLAT BLACK TOPCOAT, REACTIVATE SPECIFIED PRIMED SURFACES","[SFT0408, SFT0506, SFT0901]",LMA-PJ100,LMA,
DE02,D,E,02,"FLAT BLACK TOPCOAT, ALUMINUM, TOUCH-UP MACHINED SURFACES, PRIMER, CHEM FILM CLASS 1A OR 3","[SFT0109, SFT0204, SFT0404, SFT0506, SFT0901]",LMA-PJ100,LMA,
DE03,D,E,03,"FLAT BLACK TO PCOAT, REACTIVATE SPECIFIED TOPCOATED SURFACES","[SFT0506, SFT0531, SFT0901]",LMA-PJ100,LMA,
DF01,D,F,01,"FUEL TANK, WHITE TOPCOAT SPECIFIED SURFACES, ALUMINUM, WELDED, PRIMER, CHEM FILM CLASS 1A OR 3","[SFT0103, SFT0204, SFT0404, SFT0406, SFT0503, SFT0901]",LMA-PJ100,LMA,
DG01,D,G,01,"CAMOUFLAGE GRAY TOPCOAT, REACTIVATE SPECIFIED PRIMED SURFACES","[SFT0408, SFT0511, SFT0901]",LMA-PJ100,LMA,
DP01,D,P,01,ALUMINUM TUBING ASSY - PRIME AT FITTING JOINTS,[SFT0906],LMA-PJ100,LMA,
DP02,D,P,02,"REACTIVATE SPECIFIED PRIMED SURFACE, TOUCH-UP PRIMER","[SFT0408, SFT0901]",LMA-PJ100,LMA,
DP03,D,P,03,"WELDED ASSEMBLY - 5000/6000 SERIES AL, PRIMER, CHEM FILM CLASS 1A OR 3","[SFT0103, SFT0204, SFT0404, SFT0901]",LMA-PJ100,LMA,
DR01,D,R,01,"ALUMINUM ASSEMBLY, DARK GREEN TOPCOAT, PRI MER, CHEM FILM CLASS 1A OR 3","[SFT0103, SFT0203, SFT0403, SFT0517, SFT0901]",LMA-PJ100,LMA,
DW01,D,W,01,ALUMINUM TUBING ASSY - WHITE TOPCOAT AT FITTING JOINTS,[SFT0906],LMA-PJ100,LMA,
DW02,D,W,02,"WHITE TOPCOAT ALL SURFACES (ASSEMBLY PAINT DRAWINGS), REACTIVATE PRIMED SURFACE","[SFT0409, SFT0501, SFT0901]",LMA-PJ100,LMA,
DW03,D,W,03,"WHITE TOPCOAT SPECIFIED SURFACES (ASSEMBLY PAINT DRAWINGS), REACTIVATE SPECIFIED PRIMED SURFACE","[SFT0408, SFT0503, SFT0901]",LMA-PJ100,LMA,
DW04,D,W,04,"DELETED, USE DW01.",[],LMA-PJ100,LMA,
DW05,D,W,05,"ABRASION RESISTANT COATING, WHITE TOPCOAT, SPECIFIED SURFACES, REACTIVATE SPECIFIED PRIMED SURFACE","[SFT0408, SFT0503, SFT0523, SFT0901]",LMA-PJ100,LMA,
DW06,D,W,06,"ABRASION RESISTANT COATING, WHITE, ALL SURFACES, REACTIVATE PRIMED SURFACE","[SFT0409, SFT0524, SFT0901]",LMA-PJ100,LMA,
DW07,D,W,07,"ABRASION RESISTANT COATING, WHITE, SPECIFIED SURFACES, REACTIVATE SPECIFIED PRIMED SURFACE","[SFT0408, SFT0523, SFT0901]",LMA-PJ100,LMA,
DW08,D,W,08,"LAMINATE (GRAPHITE OR GLASS) BONDED ASSEMBLY, WHITE TOPCOAT, SPECIFIED SURFACES, PRIMER","[SFT0001, SFT0108, SFT0402, SFT0503]",LMA-PJ100,LMA,
FD04,F,D,04,"IVD ALUMINUM, CHROME PLATE, REQUIRES M&PE APPROVAL","[SFT0102, SFT0301, SFT0303, SFT0305]",LMA-PJ100,LMA,
FD06,F,D,06,"ELECTROLESS NICKEL, SPECIFIED SURFACES","[SFT0102, SFT0307]",LMA-PJ100,LMA,
FD07,F,D,07,ZINC NICKEL ALL SURFACES,"[SFT0102, SFT0309]",LMA-PJ100,LMA,
FD08,F,D,08,ZINC NICKEL SPECIFIED SURFACES,"[SFT0102, SFT0310]",LMA-PJ100,LMA,
FL01,F,L,01,"SOLID FILM LUBE ALL SURFACES, MANGANESE PHOSPHATE COAT","[SFT0102, SFT0215, SFT0601, SFT0902]",LMA-PJ100,LMA,
FM01,F,M,01,HVOF COAT ALL SURFACES,"[SFT0102, SFT0604]",LMA-PJ100,LMA,
FM02,F,M,02,HVOF COAT SPECIFIED SURFACES,"[SFT0102, SFT0605]",LMA-PJ100,LMA,
FM03,F,M,03,"WHITE TOPCOAT SPECIFIED SURFACES, PRIMER, MANGANESE PHOSPHATE COAT, HVOF COAT SPECIFIED SURFACES","[SFT0102, SFT0216, SFT0404, SFT0503, SFT0605, SFT0901]",LMA-PJ100,LMA,
FM04,F,M,04,"DRY FILM LUBE SPECIFIED SURFACES, HVOF COAT SPECIFIED SURFACES","[SFT0001, SFT0102, SFT0602, SFT0605, SFT0902]",LMA-PJ100,LMA,
FP01,F,P,01,"PRIME ALL SURFACES, CADMIUM PLATE (<180 KSI STEEL), REQUIRES M&PE APPROVAL","[SFT0102, SFT0311, SFT0403, SFT0901]",LMA-PJ100,LMA,
FP02,F,P,02,"PRIME ALL SURFACES, MANGANESE PHOSPHATE COAT","[SFT0102, SFT0215, SFT0403]",LMA-PJ100,LMA,
FP03,F,P,03,PRIME ALL SURFACES ZINC NICKEL PLATE,"[SFT0102, SFT0309, SFT0403, SFT0901]",LMA-PJ100,LMA,
FR01,F,R,01,"DARK GREEN TOPCOAT, ALL SURFACES, PRIMER, MANGANESE PHOSPHATE COAT","[SFT0102, SFT0215, SFT0403, SFT0517, SFT0901]",LMA-PJ100,LMA,
FR02,F,R,02,"DARK GREEN TOPCOAT, SPECIFIED SURFACES, PRIMER, IVD COATED","[SFT0102, SFT0303, SFT0305, SFT0404, SFT0518, SFT0901]",LMA-PJ100,LMA,
FR03,F,R,03,DARK GREEN TOPCOAT SP ECIFIED SURFACES PRIMER ZINC NICKEL PLATING,"[SFT0102, SFT0310, SFT0404, SFT0518, SFT0901]",LMA-PJ100,LMA,
FR04,F,R,04,DARK GREEN TOPCOAT ALL SURFACES PRIMER ZINC NICKEL PLATING,"[SFT0102, SFT0309, SFT0404, SFT0517, SFT0901]",LMA-PJ100,LMA,
FW01,F,W,01,"WHITE TOPCOAT, SOLID FILM LUBE, PRIMER, MANGANESE PHOSPHATE COAT, SPECIFIED SURFACES","[SFT0102, SFT0216, SFT0404, SFT0503, SFT0602, SFT0903]",LMA-PJ100,LMA,
FW02,F,W,02,"DELETED, USE FW03.",[],LMA-PJ100,LMA,
FW03,F,W,03,"WHITE TOPCOAT ALL SURFACES, PRIMER, MANGANESE PHOSPHATE COAT","[SFT0102, SFT0215, SFT0403, SFT0501, SFT0901]",LMA-PJ100,LMA,
FW04,F,W,04,"WHITE TOPCOAT, SOLID FILM LUBE, PRIMER, SPECIFIED SURFACES, MANGANESE PHOSPHATE COAT","[SFT0102, SFT0215, SFT0404, SFT0503, SFT0602, SFT0903]",LMA-PJ100,LMA,
FW05,F,W,05,"WHITE TOPCOAT SPECIFIED SURFACES, PRIMER, MANGANESE PHOSPHATE COAT","[SFT0102, SFT0215, SFT0404, SFT0503, SFT0901]",LMA-PJ100,LMA,
FW06,F,W,06,WHITE TOPCOAT SPECIFIED SURFACES PRIMER ZINC NICKEL PLATING,"[SFT0102, SFT0310, SFT0404, SFT0503, SFT0901]",LMA-PJ100,LMA,
FW07,F,W,07,WHITE TOPCOAT ALL SURFACES PRIMER ZINC NICKEL PLATING,"[SFT0001, SFT0102, SFT0309, SFT0403, SFT0501, SFT0901]",LMA-PJ100,LMA,
LB01,L,B,01,PASSIVATE CRES TUBING- ALL SURFACES,[SFT0107],LMA-PJ100,LMA,
LP01,L,P,01,"CRES TUBING, PRIMER","[SFT0107, SFT0401, SFT0901]",LMA-PJ100,LMA,
LW01,L,W,01,"CRES TUBING, WHITE TOPCOAT, PRIMER","[SFT0107, SFT0401, SFT0501, SFT0901]",LMA-PJ100,LMA,
LA01,L,A,01,ALUMINUM 5000/6000 TUBING ANODIZE ALL SURFACES,"[SFT0106, SFT0209, SFT0901]",LMA-PJ100,LMA,
LC01,L,C,01,ALUMINUM 5000/6000 TUBING CHEM FILM CLASS 1A ALL SURFACES,"[SFT0106, SFT0201, SFT0901]",LMA-PJ100,LMA,
LC02,L,C,02,ALUMINUM 5000/6000 TUBING CHEM FILM CLASS 3 ALL SURFACES,"[SFT0106, SFT0205, SFT0901]",LMA-PJ100,LMA,
LF01,L,F,01,"ALUMINUM 5000/6000 TUBING WITH FUEL TANK COATING, ALL SURFACES, CHEM FILM CLASS 1A","[SFT0106, SFT0201, SFT0405, SFT0901]",LMA-PJ100,LMA,
LF02,L,F,02,"ALUMINUM 5000/6000 TUBING WITH FUEL TANK COATING, SPECIFIED SURFACES, CHEM FILM CLASS 3, MAY BE USED FOR ELECTRICAL BONDING","[SFT0106, SFT0205, SFT0406, SFT0901]",LMA-PJ100,LMA,
LF03,L,F,03,"ALUMINUM 5000/6000 TUBING WITH FUEL TANK COATING, ALL SURFACES, CHEM FILM CLASS 3, MAY BE USED FOR ELECTRICAL BONDING","[SFT0106, SFT0205, SFT0405, SFT0901]",LMA-PJ100,LMA,
LF04,L,F,04,"LARGE DIAMETER DUCTING, FUEL TANK COATING, SPECIFIED SURFACES, PRIMER, CHEM FILM CLASS 1A","[SFT0106, SFT0201, SFT0402, SFT0406, SFT0901]",LMA-PJ100,LMA,
LP02,L,P,02,"ALUMINUM 5000/6000 T UBING, PRIMER ALL SURFACES, CHEM FILM CLASS 1A","[SFT0106, SFT0201, SFT0401, SFT0901]",LMA-PJ100,LMA,
LP03,L,P,03,"ALUMINUM 5000/6000 TUBING, PRIMER SPECIFIED SURFACES, CHEM FILM CLASS 3, MAY BE USED FOR ELECTRICAL BONDING","[SFT0106, SFT0205, SFT0402, SFT0901]",LMA-PJ100,LMA,
LP04,L,P,04,"ALUMINUM 5000/6000 TUBING, PRIMER ALL SURFACES, CHEM FILM CLASS 3, MAY BE USED FOR ELECTRICAL BONDING","[SFT0106, SFT0205, SFT0401, SFT0901]",LMA-PJ100,LMA,
LR01,L,R,01,"ALUMINUM 5000/6000 TUBING, ORANGE TOPCOAT, SPECIFIED SURFACES, PRIMER, CHE M FILM CLASS 1A","[SFT0106, SFT0202, SFT0402, SFT0516, SFT0901]",LMA-PJ100,LMA,
LW02,L,W,02,"ALUMINUM 5000/6000 TUBING, WHITE TOPCOAT, ALL SURFACES, PRIMER, CHEM FILM CLASS 1A","[SFT0106, SFT0201, SFT0401, SFT0501, SFT0901]",LMA-PJ100,LMA,
LW03,L,W,03,"ALUMINUM 5000/6000 TUBING, WHITE TOPCOAT, SPECIFIED SURFACES, PRIMER, CHEM FILM CLASS 3, MAY BE USED FOR ELECTRICAL BONDING","[SFT0106, SFT0205, SFT0402, SFT0503, SFT0901]",LMA-PJ100,LMA,
LW04,L,W,04,"ALUMINUM 5000/6000 TUBING, WHITE TOPCOAT, ALL SURFACES, PRIMER, CHEM FILM CLASS 3, MAY BE USED FOR ELECTRICAL BONDING","[SFT0106, SFT0205, SFT0401, SFT0501, SFT0901]",LMA-PJ100,LMA,
LW05,L,W,05,"ALUMINUM 5000/6000 TUBING, WHITE TOPCOAT, FUEL TANK COATING, SPECIFIED SURFACES, PRIMER, CHEM FILM CLASS 1A","[SFT0106, SFT0201, SFT0208, SFT0402, SFT0405, SFT0406, SFT0503, SFT0901]",LMA-PJ100,LMA,
LP05,L,P,05,"TITANIUM TUBING, PRIMER, CONVERSION COAT","[SFT0106, SFT0208, SFT0401, SFT0901]",LMA-PJ100,LMA,
LW06,L,W,06,"TITANIUM TUBING, WHITE TOPCOAT, SPECIFIED SURFACES, PRIMER, CONVERSION COAT","[SFT0106, SFT0208, SFT0401, SFT0503, SFT0901]",LMA-PJ100,LMA,
LP06,L,P,06,"NICKEL ALLOY TUBING, PRIMER","[SFT0106, SFT0901]",LMA-PJ100,LMA,
LW07,L,W,07,"NICKEL ALLOY TUBING, WHITE TOPCOAT, PRIMER","[SFT0001, SFT0106, SFT0401, SFT0501, SFT0901]",LMA-PJ100,LMA,
MD01,M,D,01,NICKEL PLATED COPPER,"[SFT0114, SFT0307]",LMA-PJ100,LMA,
MD02,M,D,02,TIN PLATED COPPER,"[SFT0105, SFT0308]",LMA-PJ100,LMA,
MD03,M,D,03,"IVD ALUMINUM COATED COPPER, SPECIFIED SURFACES","[SFT0105, SFT0303, SFT0305]",LMA-PJ100,LMA,
MF01,M,F,01,"TUNGSTEN, FUEL TANK COATING, ALL SURFACES","[SFT0110, SFT0405, SFT0901]",LMA-PJ100,LMA,
MW01,M,W,01,"TUNGSTEN, WHITE TOPCOAT, ALL SURFACES, PRIMER","[SFT0110, SFT0401, SFT0501, SFT0901]",LMA-PJ100,LMA,
ML01,M,L,01,"SOLID FILM LUBRICANT, ALL SURFACES","[SFT0101, SFT0601]",LMA-PJ100,LMA,
ML02,M,L,02,"SOLID FILM LUBRICANT, SPECIFIED SURFACES","[SFT0001, SFT0112, SFT0602, SFT0902]",LMA-PJ100,LMA,
MP01,M,P,01,"NAMEPLATE BACK SURFACE, PRIMER","[SFT0001, SFT0113, SFT0403, SFT0901]",LMA-PJ100,LMA,
PE01,P,E,01,"FLAT BLACK TOPCOAT, SPECIFIED SURFACES, PRIMER","[SFT0111, SFT0402, SFT0506, SFT0901]",LMA-PJ100,LMA,
PG01,P,G,01,"CAMOUFLAGE GRAY TOPCOAT, SPECIFIED SURFACES, PRIMER","[SFT0111, SFT0402, SFT0511, SFT0901]",LMA-PJ100,LMA,
PP01,P,P,01,PRIMER SPECIFIED SURFACES,"[SFT0111, SFT0402, SFT0901]",LMA-PJ100,LMA,
PP02,P,P,02,PRIMER ALL SURFACES,"[SFT0110, SFT0401, SFT0901]",LMA-PJ100,LMA,
PR01,P,R,01,"ORANGE TOPCOAT, PRIMER, SPECIFIED SURFACES","[SFT0111, SFT0402, SFT0516, SFT0901]",LMA-PJ100,LMA,
PW01,P,W,01,"WHITE TOPCOAT, ALL SURFACES, PRIMER","[SFT0110, SFT0401, SFT0501, SFT0901]",LMA-PJ100,LMA,
PW02,P,W,02,"WHITE TOPCOAT, SPECIFIED SURFACES, PRIMER","[SFT0001, SFT0111, SFT0402, SFT0503, SFT0901]",LMA-PJ100,LMA,
SB01,S,B,01,"PASSIVATE, ALL SURFACES",[SFT0217],LMA-PJ100,LMA,
SD01,S,D,01,IVD ALUMINUM COATING,"[SFT0217, SFT0302, SFT0305]",LMA-PJ100,LMA,
SD02,S,D,02,"ELECTROLESS NICKEL COAT, ALL SURFACES","[SFT0217, SFT0306]",LMA-PJ100,LMA,
SD03,S,D,03,"ELECTROLESS NICKEL COAT, SPECIFIED SURFACES","[SFT0217, SFT0307]",LMA-PJ100,LMA,
SD04,S,D,04,"ELECTROLESS NICKEL COAT, SOLID FILM LUBE, SPECIFIED SURFACES","[SFT0217, SFT0307, SFT0602, SFT0902]",LMA-PJ100,LMA,
SD05,S,D,05,"ELECTROLESS NICKEL COAT, SOLID FILM LUBE, ALL SURFACES","[SFT0217, SFT0306, SFT0601, SFT0902]",LMA-PJ100,LMA,
SD06,S,D,06,"ELECTROLESS NICKEL COAT, WHITE TOPCOAT, SPECIFIED SURFACES, SOLID FILM LUBRICANT, PRIMER","[SFT0217, SFT0307, SFT0402, SFT0503, SFT0602, SFT0903]",LMA-PJ100,LMA,
SE01,S,E,01,"FLAT BLACK TOPCOAT SPECIFIED SURFACES, PRIMER","[SFT0217, SFT0402, SFT0506, SFT0901]",LMA-PJ100,LMA,
SE02,S,E,02,"FLAT BLACK TOPCOAT, ALL SURFACES, PRIMER","[SFT0217, SFT0401, SFT0505, SFT0901]",LMA-PJ100,LMA,
SF01,S,F,01,"FUEL TANK COATING, ALL SURFACES","[SFT0217, SFT0405, SFT0901]",LMA-PJ100,LMA,
SF02,S,F,02,"FUEL TANK COATING, SPECIFIED SURFACES","[SFT0217, SFT0406, SFT0901]",LMA-PJ100,LMA,
SG01,S,G,01,"GUNSHIP GRAY TOPCOAT, SPECIFIED SURFACE S, PRIMER","[SFT0217, SFT0402, SFT0508, SFT0901]",LMA-PJ100,LMA,
SG02,S,G,02,"GUNSHIP GRAY TOPCOAT, ALL SURFACES, PRIMER","[SFT0217, SFT0401, SFT0507, SFT0901]",LMA-PJ100,LMA,
SL01,S,L,01,"SOLID FILM LUBE, ALL SURFACES","[SFT0217, SFT0601, SFT0902]",LMA-PJ100,LMA,
SL02,S,L,02,"SOLID FILM LUBE, SPECIFIED SURFACES","[SFT0217, SFT0602, SFT0902]",LMA-PJ100,LMA,
SM01,S,M,01,"HVOF COATING, ALL SURFACES","[SFT0217, SFT0604]",LMA-PJ100,LMA,
SM02,S,M,02,"HVOF COATING, SOLID FILM LUBE, SPECIFIED SURFACES","[SFT0217, SFT0602, SFT0605, SFT0902]",LMA-PJ100,LMA,
SM03,S,M,03,PTFE LINER SPECIFIED SURFACES,"[SFT0001, SFT0217, SFT0711]",LMA-PJ100,LMA,
SP01,S,P,01,"PRIMER, ALL SURFACES","[SFT0217, SFT0401, SFT0901]",LMA-PJ100,LMA,
SP02,S,P,02,"PRIMER, SPECIFIED SURFACES","[SFT0217, SFT0402, SFT0901]",LMA-PJ100,LMA,
SP03,S,P,03,PRIMER FOR PEEL SHIM,[],LMA-PJ100,LMA,
MP03,M,P,03,CLEAN USING LMA-MN040 GENERAL PURPOSE SOLVENT IAW LMA-PJ100,"[SFT0401, SFT0901]",LMA-PJ100,LMA,
SR01,S,R,01,"GLOSS ORANGE TOPCOAT, SPECIFIED SURFACES, PRIMER","[SFT0217, SFT0402, SFT0516, SFT0901]",LMA-PJ100,LMA,
SR02,S,R,02,"GLOSS RED TOPCOAT, ALL SURFACES, PRIMER","[SFT0217, SFT0401, SFT0520, SFT0901]",LMA-PJ100,LMA,
SR03,S,R,03,"GLOSS R ED TOPCOAT, SPECIFIED SURFACES, PRIMER","[SFT0217, SFT0402, SFT0519, SFT0901]",LMA-PJ100,LMA,
SW01,S,W,01,"WHITE TOPCOAT, SPECIFIED SURFACES, PRIMER","[SFT0217, SFT0402, SFT0901]",LMA-PJ100,LMA,
SW02,S,W,02,"WHITE TOPCOAT, ALL SURFACES, PRIMER","[SFT0217, SFT0501, SFT0901]",LMA-PJ100,LMA,
SW03,S,W,03,"WHITE TOPCOAT, SOLID FILM LUBE, SPECIFIED SURFACES, PRIMER","[SFT0217, SFT0402, SFT0503, SFT0602, SFT0903]",LMA-PJ100,LMA,
SW04,S,W,04,"WHITE TOPCOAT, SPECIFIED SURFACES, PRIMER, ALL SURFACES","[SFT0001, SFT0217, SFT0401, SFT0503]",LMA-PJ100,LMA,
TA01,T,A,01,"TITANIUM ANODIZE, ALL SURFACES","[SFT0104, SFT0219]",LMA-PJ100,LMA,
TA02,T,A,02,"TITANIUM ANODIZE, SPECIFIED SURFACES, WITH ELECTRICAL BONDING","[SFT0104, SFT0220, SFT0713]",LMA-PJ100,LMA,
TA03,T,A,03,"TITANIUM ANODIZE, SPECIFIED SURFACES","[SFT0104, SFT0220]",LMA-PJ100,LMA,
TA04,T,A,04,"TITANIUM ANODIZE, CONVERSION COATING, SPECIFIED SURFACES","[SFT0104, SFT0218, SFT0220]",LMA-PJ100,LMA,
TB01,T,B,01,"CONVERSION COATING, ALL SURFACES","[SFT0104, SFT0208]",LMA-PJ100,LMA,
TB02,T,B,02,"CONVERSION COATING, SPECIFIED SURFACES",[SFT0104],LMA-PJ100,LMA,
TB03,T,B,03,"CONVERSION COATING, ANODIZE, SPECIFIED SURFACES","[SFT0104, SFT0218, SFT0220]",LMA-PJ100,LMA,
TE01,T,E,01,"FLAT BLACK TOPCOAT, ALL SURFACES, PRIMER, CONVERSION COAT","[SFT0104, SFT0208, SFT0401, SFT0505, SFT0901]",LMA-PJ100,LMA,
TE02,T,E,02,"FLAT BLACK TOPCOAT, SPECIFIED SURFACES, PRIMER, CONVERSION COAT","[SFT0104, SFT0208, SFT0402, SFT0506, SFT0901]",LMA-PJ100,LMA,
TF01,T,F,01,"FUEL TANK COATING, ALL SURFACES, CONVERSION COAT","[SFT0104, SFT0208, SFT0405, SFT0901]",LMA-PJ100,LMA,
TF02,T,F,02,"FUEL TANK COATING, SPECIFIED SURFACES, CONVERSION COAT","[SFT0104, SFT0208, SFT0406, SFT0901]",LMA-PJ100,LMA,
TF03,T,F,03,"FUEL TANK COATING, GLOSS WHITE TOPCOAT, SPECIFIED SURFACES, PRIMER, CONVERSION COAT","[SFT0104, SFT0208, SFT0402, SFT0406, SFT0503, SFT0901]",LMA-PJ100,LMA,
TF04,T,F,04,"FUEL TANK COATING, PRIMER, SPECIFIED SURFACES, CONVERSION COAT","[SFT0104, SFT0208, SFT0402, SFT0406, SFT0901]",LMA-PJ100,LMA,
TF05,T,F,05,"TITANIUM SHIM ONLY, FUEL TANK COATING ALL SURFACES","[SFT0104, SFT0109, SFT0208, SFT0402, SFT0405, SFT0512, SFT0901]",LMA-PJ100,LMA,
TL01,T,L,01,"SOLID FILM LUBE, SPECIFIED SURFACES, CONVERSION COAT","[SFT0104, SFT0208, SFT0602, SFT0902]",LMA-PJ100,LMA,
TL02,T,L,02,"SOLID FILM LUBE, ALL SURFACES, CONVERSION COAT","[SFT0104, SFT0208, SFT0601, SFT0902]",LMA-PJ100,LMA,
TL03,T,L,03,"SOLID FILM LUBE, SPECIFIED SURFACES, PRIMER, CONVERSION COAT","[SFT0104, SFT0208, SFT0402, SFT0903]",LMA-PJ100,LMA,
TP01,T,P,01,"PRIMER, ALL SURFACES, CONVERSION COAT","[SFT0104, SFT0208, SFT0401, SFT0901]",LMA-PJ100,LMA,
TP02,T,P,02,"PRIMER, SPECIFIED SURFACES, CONVERSION COAT","[SFT0104, SFT0208, SFT0402, SFT0901]",LMA-PJ100,LMA,
TP03,T,P,03,"PRIMER, FUEL TANK COATING, SPECIFIED SURFACES, CONVERSION COAT","[SFT0104, SFT0208, SFT0402, SFT0406, SFT0901]",LMA-PJ100,LMA,
TP04,T,P,04,PRIMER SHIMS ONLY SFT01 09 CLEAN SURFACES BY SANDING WITH 240 GRIT AND SOLVENT CLEAN WITH LMA-MN040 IAW LMA-PJ100,"[SFT0401, SFT0901]",LMA-PJ100,LMA,
TR01,T,R,01,"ORANGE TOPCOAT, ALL SURFACES, PRIMER, C ONVERSION COAT","[SFT0104, SFT0208, SFT0401, SFT0515, SFT0901]",LMA-PJ100,LMA,
TR02,T,R,02,"ORANGE TOPCOAT, SPECIFIED SURFACES, PRIMER, CONVERSION COAT","[SFT0104, SFT0208, SFT0402, SFT0516, SFT0901]",LMA-PJ100,LMA,
TR03,T,R,03,"RED TOPCOAT, ALL SURFACES, PRIMER, CONVERSION COAT","[SFT0104, SFT0208, SFT0401, SFT0520, SFT0901]",LMA-PJ100,LMA,
TR04,T,R,04,"RED TOPCOAT, PRIMER, SPECIFIED SURFACES, CONVERSION COAT","[SFT0104, SFT0208, SFT0402, SFT0519, SFT0901]",LMA-PJ100,LMA,
TW01,T,W,01,"WHITE TOPCOAT, ALL SURFACES, PRIMER, CONVERSION COAT","[SFT0104, SFT0208, SFT0401, SFT0501, SFT0901]",LMA-PJ100,LMA,
TW02,T,W,02,"WHITE TOPCOAT, PRIMER, SPECIFIED SURFACES, CONVERSION COAT","[SFT0104, SFT0208, SFT0402, SFT0503, SFT0901]",LMA-PJ100,LMA,
TW03,T,W,03,"WHITE TOPCOAT, FUEL TANK COATING, PRIMER, SPECIFIED SURFACES, CONVERSION COAT","[SFT0104, SFT0208, SFT0402, SFT0406, SFT0503, SFT0901]",LMA-PJ100,LMA,
TW04,T,W,04,"WHITE TOPCOAT, SPECIFIED SURFACES, PRIMER ALL SURFACES","[SFT0001, SFT0104, SFT0208, SFT0401, SFT0503, SFT0901]",LMA-PJ100,LMA,
XL01,X,L,01,"SOLID FILM LUBE, SPECIFIED SURFACES","[SFT0112, SFT0603, SFT0902]",LMA-PJ100,LMA,
ZL01,Z,L,01,INSTALL FASTENERS WITH CORROSION PREVENTIVE COMPOUND,"[SFT0113, SFT0710]",LMA-PJ100,LMA,
ZS01,Z,S,01,DELETED. REFERENCE LMA-PB033 FOR WET INSTAL LATION OF BUSHINGS.,[],LMA-PJ100,LMA,
ZX01,Z,X,01,FINISH IAW DRAWING NOTES,[SFT0712],LMA-PJ100,LMA,
